{
    "n_docs": [
        50,
        100,
        200,
        400,
        800
    ],
    "k": 5,
    "threshold": 0.2,
    "n_permutations": 1000,
    "n_bands": 250,
    "J": {
        "sim_docs": [
            2,
            11,
            65,
            159,
            623
        ],
        "time": [
            0.07476472854614258,
            0.21221685409545898,
            0.7187914848327637,
            3.301378011703491,
            12.946780681610107
        ]
    },
    "LSH": {
        "sim_docs": [
            1,
            6,
            38,
            98,
            413
        ],
        "time": [
            0.0009999275207519531,
            0.0,
            0.0,
            0.0,
            0.007992267608642578
        ],
        "TPR": [
            0.0,
            0.18181818181818182,
            0.2153846153846154,
            0.29559748427672955,
            0.33868378812199035
        ],
        "FNR": [
            1.0,
            0.8181818181818182,
            0.7846153846153846,
            0.7044025157232704,
            0.6613162118780096
        ],
        "FPR": [
            0.0008176614881439084,
            0.0008098805426199635,
            0.001209982354423998,
            0.0006403736768749765,
            0.0006332744994153183
        ]
    },
    "sign": {
        "sim_docs": [
            2,
            11,
            59,
            140,
            563
        ],
        "time": [
            0.011006832122802734,
            0.037688255310058594,
            0.15019440650939941,
            0.6746022701263428,
            2.796210527420044
        ],
        "TPR": [
            1.0,
            0.9090909090909091,
            0.8307692307692308,
            0.8679245283018868,
            0.8635634028892456
        ],
        "FNR": [
            0.0,
            0.09090909090909091,
            0.16923076923076924,
            0.1320754716981132,
            0.13643659711075443
        ],
        "FPR": [
            0.0,
            0.00020247013565499088,
            0.00025207965717166626,
            2.5112693210783392e-05,
            7.837555685833148e-05
        ]
    }
}