{
    "n_docs": [
        50,
        100,
        200,
        400,
        800,
        1500,
        2000
    ],
    "k": 5,
    "threshold": 0.2,
    "n_permutations": 1000,
    "n_bands": 250,
    "J": {
        "sim_docs": [
            2,
            11,
            65,
            159,
            623,
            2224,
            2828
        ],
        "time": [
            0.09000587463378906,
            0.2161116600036621,
            0.7835292816162109,
            3.3890254497528076,
            13.00832462310791,
            48.33042120933533,
            208.23808002471924
        ]
    },
    "LSH": {
        "sim_docs": [
            2,
            7,
            57,
            102,
            417,
            1529,
            2123
        ],
        "time": [
            0.0,
            0.0009367465972900391,
            0.0009984970092773438,
            0.003007650375366211,
            0.007998943328857422,
            0.03208184242248535,
            0.21875357627868652
        ],
        "TPR": [
            0.0,
            0.18181818181818182,
            0.3230769230769231,
            0.3018867924528302,
            0.3162118780096308,
            0.32868705035971224,
            0.35997171145685997
        ],
        "FNR": [
            1.0,
            0.8181818181818182,
            0.676923076923077,
            0.6981132075471698,
            0.6837881219903692,
            0.6713129496402878,
            0.64002828854314
        ],
        "FPR": [
            0.001635322976287817,
            0.0010123506782749544,
            0.001814973531635997,
            0.0006780427166911515,
            0.000689704900353317,
            0.0007112134656416161,
            0.0005535595129077054
        ]
    },
    "sign": {
        "sim_docs": [
            2,
            13,
            79,
            185,
            596,
            2368,
            3188
        ],
        "time": [
            0.014001846313476562,
            0.0400087833404541,
            0.16400814056396484,
            0.6659929752349854,
            2.72025203704834,
            10.828020334243774,
            37.12342858314514
        ],
        "TPR": [
            1.0,
            1.0,
            0.9538461538461539,
            0.9811320754716981,
            0.8812199036918138,
            0.9294064748201439,
            0.9391796322489392
        ],
        "FNR": [
            0.0,
            0.0,
            0.046153846153846156,
            0.018867924528301886,
            0.1187800963081862,
            0.07059352517985612,
            0.06082036775106082
        ],
        "FPR": [
            0.0,
            0.00040494027130998176,
            0.0008570708343836653,
            0.0003641340515563592,
            0.00014734604689366318,
            0.0002682647282683289,
            0.0002665101003320355
        ]
    }
}