{"large_twitch": {"T": 500000, "M": [1000, 2000, 5000, 10000, 25000, 50000, 100000, 200000, 500000], "t_base": {"time": [1.154186725616455, 1.1552867889404297, 1.3597710132598877, 1.5882291793823242, 2.024940013885498, 2.5096051692962646, 3.2797842025756836, 4.6742072105407715, 1.3075361251831055], "triangles": [0, 0, 4, 6, 70, 965, 5510, 52334, 864298]}, "t_impr": {"time": [1.7617809772491455, 1.7737677097320557, 1.9317684173583984, 2.0553345680236816, 2.571537733078003, 2.951819658279419, 4.193797588348389, 4.523043870925903, 1.486255168914795], "triangles": [425763.6318158158, 436430.63668984495, 417655.62734706927, 1135238.4524661268, 426511.1066205402, 441494.39840386517, 818974.8766595023, 762662.1415778305, 864298]}, "true_triangle_count": 864298, "count_time": 595.4283316135406}, "deezer_europe": {"T": 90000, "M": [200, 500, 1000, 1500, 2000, 4000, 10000, 15000, 20000, 90000], "t_base": {"time": [0.2098381519317627, 0.23790669441223145, 0.24622559547424316, 0.2718958854675293, 0.3484330177307129, 0.3807520866394043, 0.5398862361907959, 0.5506792068481445, 0.6064949035644531, 0.24008774757385254], "triangles": [0, 0, 0, 0, 0, 2, 62, 203, 412, 41521]}, "t_impr": {"time": [0.3242621421813965, 0.3132479190826416, 0.42833614349365234, 0.3796820640563965, 0.41921162605285645, 0.5599734783172607, 0.5595066547393799, 0.6492435932159424, 0.6539969444274902, 0.20408034324645996], "triangles": [4.1015577889447234, 1284.6683206412827, 50942.31948348349, 44307.981377807424, 39620.26195197599, 48722.54677731934, 42311.665910771095, 41517.286165388796, 41742.775050202516, 41521]}, "true_triangle_count": 41521, "count_time": 0.8168380260467529}}