{
    "large_twitch": {
        "T": 500000,
        "M": [
            1000,
            2000,
            5000,
            10000,
            25000,
            50000,
            100000,
            200000,
            500000
        ],
        "t_base": {
            "time": [
                0.5935289859771729,
                0.4623391628265381,
                0.4931221008300781,
                0.49692630767822266,
                0.6557638645172119,
                0.9325766563415527,
                1.2928478717803955,
                2.4490349292755127,
                2.0935521125793457
            ],
            "triangles": [
                0,
                0,
                1,
                8,
                73,
                783,
                8196,
                54179,
                864298
            ]
        },
        "t_impr": {
            "time": [
                0.9486629962921143,
                1.1583738327026367,
                0.9565169811248779,
                1.0367131233215332,
                1.161224365234375,
                4.055005788803101,
                2.0076568126678467,
                2.4131147861480713,
                2.5032529830932617
            ],
            "triangles": [
                236442,
                288630,
                1069255,
                1387725,
                824203,
                758753,
                1013163,
                837764,
                864298
            ]
        },
        "true_triangle_count": 864298,
        "count_time": 707.625214099884
    },
    "deezer_europe": {
        "T": 90000,
        "M": [
            200,
            500,
            1000,
            1500,
            2000,
            4000,
            10000,
            15000,
            20000,
            90000
        ],
        "t_base": {
            "time": [
                0.0917668342590332,
                0.08400487899780273,
                0.17720603942871094,
                0.10576677322387695,
                0.21037793159484863,
                0.13707995414733887,
                0.19307494163513184,
                0.24454212188720703,
                0.243880033493042,
                0.4655919075012207
            ],
            "triangles": [
                0,
                0,
                0,
                0,
                1,
                4,
                62,
                197,
                451,
                41521
            ]
        },
        "t_impr": {
            "time": [
                0.18175125122070312,
                0.21120190620422363,
                0.26381492614746094,
                0.49271106719970703,
                0.3026430606842041,
                0.2367260456085205,
                0.5644738674163818,
                0.28419995307922363,
                0.2999379634857178,
                0.2687838077545166
            ],
            "triangles": [
                71554,
                56408,
                35653,
                43451,
                43907,
                40931,
                41759,
                40533,
                41312,
                41521
            ]
        },
        "true_triangle_count": 41521,
        "count_time": 1.0590763092041016
    }
}